Year,REPORTING_TYPE,SERIES,REF_AREA,SEX,AGE,URBANISATION,EDUCATION_LEV,OCCUPATION,DISABILITY_STATUS,COMPOSITE_BREAKDOWN,INCOME_WEALTH_QUANTILE,UNIT_MEASURE,UNIT_MULT,TIME_DETAIL,Value
2011,N,SN_STA_OVWGT,508,_T,_T,_T,_T,_T,_T,_T,_T,PT,0,2011,7.4
2011,N,SN_STA_OVWGT,508,_T,_T,U,_T,_T,_T,_T,_T,PT,0,2011,8.2
2011,N,SN_STA_OVWGT,508,_T,_T,R,_T,_T,_T,_T,_T,PT,0,2011,7.1
2011,N,SH_STA_WAST,508,_T,_T,_T,_T,_T,_T,_T,_T,PT,0,2011,5.9
2011,N,SH_STA_WAST,508,_T,_T,U,_T,_T,_T,_T,_T,PT,0,2011,30.8
2011,N,SH_STA_WAST,508,_T,_T,R,_T,_T,_T,_T,_T,PT,0,2011,6.7
