Year,REPORTING_TYPE,SERIES,REF_AREA,SEX,AGE,URBANISATION,EDUCATION_LEV,OCCUPATION,DISABILITY_STATUS,COMPOSITE_BREAKDOWN,INCOME_WEALTH_QUANTILE,UNIT_MEASURE,UNIT_MULT,TIME_DETAIL,Value
2011,N,SH_STA_BRTC,508,_T,_T,_T,_T,_T,_T,_T,_T,PT,0,2011,54.3
2015,N,SH_STA_BRTC,508,_T,_T,_T,_T,_T,_T,_T,_T,PT,0,2015,73.0
2011,N,SH_STA_BRTC,508,_T,_T,U,_T,_T,_T,_T,_T,PT,0,2011,80.3
2015,N,SH_STA_BRTC,508,_T,_T,U,_T,_T,_T,_T,_T,PT,0,2015,91.4
2011,N,SH_STA_BRTC,508,_T,_T,R,_T,_T,_T,_T,_T,PT,0,2011,44.3
2015,N,SH_STA_BRTC,508,_T,_T,R,_T,_T,_T,_T,_T,PT,0,2015,66.6
