Year,REPORTING_TYPE,SERIES,REF_AREA,SEX,AGE,URBANISATION,EDUCATION_LEV,OCCUPATION,DISABILITY_STATUS,COMPOSITE_BREAKDOWN,INCOME_WEALTH_QUANTILE,UNIT_MEASURE,UNIT_MULT,TIME_DETAIL,Value
2011,N,SH_FPL_MTMM,508,_T,_T,_T,_T,_T,_T,_T,_T,PT,0,2011,28.3
2015,N,SH_FPL_MTMM,508,_T,_T,_T,_T,_T,_T,_T,_T,PT,0,2015,50.4
2011,N,SH_FPL_MTMM,508,_T,_T,U,_T,_T,_T,_T,_T,PT,0,2011,41.0
2015,N,SH_FPL_MTMM,508,_T,_T,U,_T,_T,_T,_T,_T,PT,0,2015,60.0
2011,N,SH_FPL_MTMM,508,_T,_T,R,_T,_T,_T,_T,_T,PT,0,2011,20.5
2015,N,SH_FPL_MTMM,508,_T,_T,R,_T,_T,_T,_T,_T,PT,0,2015,45.5
