Year,REPORTING_TYPE,SERIES,REF_AREA,SEX,AGE,URBANISATION,EDUCATION_LEV,OCCUPATION,DISABILITY_STATUS,COMPOSITE_BREAKDOWN,INCOME_WEALTH_QUANTILE,UNIT_MEASURE,UNIT_MULT,TIME_DETAIL,Value
2015,N,IT_MOB_OWN,508,F,_T,_T,_T,_T,_T,_T,_T,PT,0,2015,22.3710882900826
2015,N,IT_MOB_OWN,508,M,_T,_T,_T,_T,_T,_T,_T,PT,0,2015,30.7865427159729
2015,N,IT_MOB_OWN,508,_T,_T,_T,_T,_T,_T,_T,_T,PT,0,2015,26.3964662956881
2015,N,IT_MOB_OWN,508,_T,_T,U,_T,_T,_T,_T,_T,PT,0,2015,42.0026509039398
2015,N,IT_MOB_OWN,508,_T,_T,R,_T,_T,_T,_T,_T,PT,0,2015,18.3858183586566
