Year,REPORTING_TYPE,SERIES,REF_AREA,SEX,AGE,URBANISATION,EDUCATION_LEV,OCCUPATION,DISABILITY_STATUS,COMPOSITE_BREAKDOWN,INCOME_WEALTH_QUANTILE,UNIT_MEASURE,UNIT_MULT,TIME_DETAIL,Value
2007,N,SH_H2O_SAFE,508,_T,_T,_T,_T,_T,_T,_T,_T,PT,0,2007,36.6
2017,N,SH_H2O_SAFE,508,_T,_T,_T,_T,_T,_T,_T,_T,PT,0,2017,49.8
2007,N,SH_H2O_SAFE,508,_T,_T,U,_T,_T,_T,_T,_T,PT,0,2007,70.4
2017,N,SH_H2O_SAFE,508,_T,_T,U,_T,_T,_T,_T,_T,PT,0,2017,77.7
2007,N,SH_H2O_SAFE,508,_T,_T,R,_T,_T,_T,_T,_T,PT,0,2007,21.9
2017,N,SH_H2O_SAFE,508,_T,_T,R,_T,_T,_T,_T,_T,PT,0,2017,35.8
